{
  "Version": 1.0,
  "Codecs": [
    {
      "KeyFrameInterval": "00:00:03",
      "StretchMode": "AutoSize",
      "H264Layers": [
        {
          "Profile": "High",
          "Level": "5",
          "Bitrate": 8500,
          "MaxBitrate": 8500,
          "BufferWindow": "00:00:05",
          "Width": 1920,
          "Height": 1440,
          "BFrames": 3,
          "ReferenceFrames": 3,
          "AdaptiveBFrame": true,
          "Type": "H264Layer",
          "FrameRate": "0/1"
        },
        {
          "Profile": "Main",
          "Level": "3.2",
          "Bitrate": 6500,
          "MaxBitrate": 6500,
          "BufferWindow": "00:00:05",
          "Width": 1280,
          "Height": 960,
          "BFrames": 3,
          "ReferenceFrames": 3,
          "AdaptiveBFrame": true,
          "Type": "H264Layer",
          "FrameRate": "0/1"
        },
        {
          "Profile": "Main",
          "Level": "3.2",
          "Bitrate": 5000,
          "MaxBitrate": 5000,
          "BufferWindow": "00:00:05",
          "Width": 1280,
          "Height": 960,
          "BFrames": 3,
          "ReferenceFrames": 3,
          "AdaptiveBFrame": true,
          "Type": "H264Layer",
          "FrameRate": "0/1"
        },
        {
          "Profile": "Main",
          "Level": "3.1",
          "Bitrate": 3500,
          "MaxBitrate": 3500,
          "BufferWindow": "00:00:05",
          "Width": 960,
          "Height": 720,
          "BFrames": 3,
          "ReferenceFrames": 3,
          "AdaptiveBFrame": true,
          "Type": "H264Layer",
          "FrameRate": "0/1"
        },
        {
          "Profile": "Baseline",
          "Level": "3.1",
          "Bitrate": 1200,
          "MaxBitrate": 1200,
          "BufferWindow": "00:00:05",
          "Width": 640,
          "Height": 480,
          "ReferenceFrames": 3,
          "EntropyMode": "Cavlc",
          "Type": "H264Layer",
          "FrameRate": "0/1"
        },
        {
          "Profile": "Baseline",
          "Level": "3",
          "Bitrate": 600,
          "MaxBitrate": 600,
          "BufferWindow": "00:00:05",
          "Width": 640,
          "Height": 480,
          "ReferenceFrames": 3,
          "EntropyMode": "Cavlc",
          "Type": "H264Layer",
          "FrameRate": "0/1"
        },
        {
          "Profile": "Baseline",
          "Level": "3",
          "Bitrate": 400,
          "MaxBitrate": 400,
          "BufferWindow": "00:00:05",
          "Width": 480,
          "Height": 360,
          "ReferenceFrames": 3,
          "EntropyMode": "Cavlc",
          "Type": "H264Layer",
          "FrameRate": "0/1"
        },
        {
          "Profile": "Baseline",
          "Level": "3",
          "Bitrate": 200,
          "MaxBitrate": 200,
          "BufferWindow": "00:00:05",
          "Width": 400,
          "Height": 300,
          "ReferenceFrames": 3,
          "EntropyMode": "Cavlc",
          "Type": "H264Layer",
          "FrameRate": "0/1"
        }
      ],
      "Type": "H264Video"
    },
    {
      "Profile": "HEAACV2",
      "Channels": 2,
      "SamplingRate": 48000,
      "Bitrate": 64,
      "Type": "AACAudio"
    }
  ],
  "Outputs": [
    {
      "FileName": "{Basename}_{Width}x{Height}_{VideoBitrate}.mp4",
      "Format": {
        "Type": "MP4Format"
      }
    }
  ]
}