{
  "Version": 1.0,
  "Codecs": [
    {
      "KeyFrameInterval": "00:00:05",
      "StretchMode": "AutoSize",
      "SceneChangeDetection": true,
      "H264Layers": [
        {
          "Profile": "Baseline",
          "Level": "2",
          "Bitrate": 56,
          "MaxBitrate": 56,
          "BufferWindow": "00:00:05",
          "Width": 176,
          "Height": 144,
          "ReferenceFrames": 3,
          "EntropyMode": "Cavlc",
          "Type": "H264Layer",
          "FrameRate": "12/1"
        }
      ],
      "Type": "H264Video"
    },
    {
      "Profile": "HEAACV2",
      "Channels": 2,
      "SamplingRate": 48000,
      "Bitrate": 24,
      "Type": "AACAudio"
    }
  ],
  "Outputs": [
    {
      "FileName": "{Basename}_{Width}x{Height}_{VideoBitrate}.mp4",
      "Format": {
        "Type": "MP4Format"
      }
    }
  ]
}