{
  "Version": 1.0,
  "Codecs": [
    {
      "KeyFrameInterval": "00:00:02",
      "StretchMode": "AutoSize",
      "SceneChangeDetection": true,
      "H264Layers": [
        {
          "Profile": "Auto",
          "Level": "auto",
          "Bitrate": 2200,
          "MaxBitrate": 2200,
          "BufferWindow": "00:00:05",
          "Width": 848,
          "Height": 480,
          "BFrames": 3,
          "ReferenceFrames": 3,
          "AdaptiveBFrame": true,
          "Type": "H264Layer",
          "FrameRate": "0/1"
        }
      ],
      "Type": "H264Video"
    },
    {
      "Profile": "AACLC",
      "Channels": 6,
      "SamplingRate": 48000,
      "Bitrate": 384,
      "Type": "AACAudio"
    }
  ],
  "Outputs": [
    {
      "FileName": "{Basename}_{Width}x{Height}_{VideoBitrate}.mp4",
      "Format": {
        "Type": "MP4Format"
      }
    }
  ]
}